{"files":{"index.html":{"frameworks":["pg.insight.events","pg.asset.manager","pg.project.items","pg.code-validator","pg.image.overlay","pg.css.grid","pg.html","pg.components"],"last_page_width":1024},"index.html%3Fp=239.html":{"frameworks":["pg.asset.manager","pg.insight.events","pg.project.items","pg.code-validator","pg.css.grid","pg.image.overlay","pg.html","pg.components"],"last_page_width":1280},"home\\index.html":{"frameworks":["pg.insight.events","pg.asset.manager","pg.css.grid","pg.project.items","pg.image.overlay","pg.code-validator","pg.html","pg.components"],"last_page_width":1024}},"open-pages":["https://vaastuinterior.in/","index.html"],"urls":{"index.html":{"open-with-wrapper":false,"open-page-views":[{"w":1280,"h":800}]},"css/theme.css":{"locked":true,"locked_reason":"The stylesheet is generated by the Design panel."},"https://vaastuinterior.in/":{"open-with-wrapper":false},"index.html%253Fp=239.html":{"open-page-views":[{"w":1280,"h":800}]}},"active-design-provider":"plainhtml","remote-urls":["https://vaastuinterior.in/"],"breakpoints":["300px","480px","600px","768px","782px","800px","900px","981px","1100px","1350px"],"frameworks":["pg.asset.manager","pg.insight.events","pg.project.items","pg.code-validator","pg.css.grid","pg.image.overlay","pg.html","pg.components"]}